[{
    "id": 1,
    "name": "K SAI SATHVIK",
    "username": "sathvikkorrapati",
    "email": "ssathvikkorrapati@gmail.com"
  },
  {
    "id": 2,
    "name": "Janga Hrithik Reddy",
    "username": "jangahrithik2000",
    "email": "jangahrithik.edu@gmail.com"
  },
  {
    "id": 3,
    "name": "Kondupalli Venkata Ganesh",
    "username": "kvganesh",
    "email": "k.ganesh.v@gmail.com"
  },
  {
    "id": 4,
    "name": "K Dheeraj Reddy",
    "username": "dheeraj2k",
    "email": "dheeraj2k@gmail.com"
  },
  {
    "id": 5,
    "name": "Abhishek",
    "username": "Abhishekshetty",
    "email": "shetty@gmail.com"
  },
  {
    "id": 6,
    "name": "Mohammed Uvais",
    "username": "uvais2017",
    "email": "uvais2017@gmail.com"
  },
  {
    "id": 7,
    "name": "Virat Kohli",
    "username": "kohli.virat",
    "email": "kohli.virat@gmail.com"
  },
  {
    "id": 8,
    "name": "Nicholas pooran",
    "username": "pooransleeps",
    "email": "nicholas@gmail.com"
  },
  {
    "id": 9,
    "name": "Glenn Maxwell",
    "username": "Maxi",
    "email": "Glenn.Maxi@yahoo.in"
  },
  {
    "id": 10,
    "name": "AB De Villers",
    "username": "Villers",
    "email": "abd@gmail.com"
  }
]
